Source,Target,BDeu,TSource,TTarget
AT1G18570,AT2G38210,-9.88751059812843,AT1G18570,AT2G38210
AT2G31180,AT4G11280,-66.8622690918217,AT2G31180,AT4G11280
